--
-- PostgreSQL database dump
--

-- Dumped from database version 16.0
-- Dumped by pg_dump version 16.0

SET statement_timeout = 0;
SET lock_timeout = 0;
SET idle_in_transaction_session_timeout = 0;
SET client_encoding = 'UTF8';
SET standard_conforming_strings = on;
SELECT pg_catalog.set_config('search_path', '', false);
SET check_function_bodies = false;
SET xmloption = content;
SET client_min_messages = warning;
SET row_security = off;

--
-- Name: adminpack; Type: EXTENSION; Schema: -; Owner: -
--

CREATE EXTENSION IF NOT EXISTS adminpack WITH SCHEMA pg_catalog;


--
-- Name: EXTENSION adminpack; Type: COMMENT; Schema: -; Owner: 
--

COMMENT ON EXTENSION adminpack IS 'administrative functions for PostgreSQL';


SET default_tablespace = '';

SET default_table_access_method = heap;

--
-- Name: products; Type: TABLE; Schema: public; Owner: postgres
--

CREATE TABLE public.products (
    id_product integer NOT NULL,
    lot_name_product text NOT NULL,
    name_product text NOT NULL,
    price_product integer NOT NULL,
    quantity_available_product integer NOT NULL,
    date_in_product timestamp without time zone NOT NULL,
    date_created_product timestamp without time zone NOT NULL,
    CONSTRAINT products_lot_name_product_check CHECK ((lot_name_product <> ''::text)),
    CONSTRAINT products_name_product_check CHECK ((name_product <> ''::text))
);


ALTER TABLE public.products OWNER TO postgres;

--
-- Name: products_id_product_seq; Type: SEQUENCE; Schema: public; Owner: postgres
--

ALTER TABLE public.products ALTER COLUMN id_product ADD GENERATED BY DEFAULT AS IDENTITY (
    SEQUENCE NAME public.products_id_product_seq
    START WITH 1
    INCREMENT BY 1
    NO MINVALUE
    NO MAXVALUE
    CACHE 1
);


--
-- Name: purchases; Type: TABLE; Schema: public; Owner: postgres
--

CREATE TABLE public.purchases (
    id_purchase integer NOT NULL,
    total_price_purchase integer NOT NULL,
    date_created_purchase timestamp without time zone NOT NULL,
    fk_id_user_purchase integer
);


ALTER TABLE public.purchases OWNER TO postgres;

--
-- Name: purchases_id_purchase_seq; Type: SEQUENCE; Schema: public; Owner: postgres
--

ALTER TABLE public.purchases ALTER COLUMN id_purchase ADD GENERATED BY DEFAULT AS IDENTITY (
    SEQUENCE NAME public.purchases_id_purchase_seq
    START WITH 1
    INCREMENT BY 1
    NO MINVALUE
    NO MAXVALUE
    CACHE 1
);


--
-- Name: purchasesdetails; Type: TABLE; Schema: public; Owner: postgres
--

CREATE TABLE public.purchasesdetails (
    id_purchasesdetail integer NOT NULL,
    quantity_product_purchasedetail integer NOT NULL,
    date_created_purchasedetailt timestamp without time zone NOT NULL,
    fk_id_purchase_purchasedetail integer,
    fk_id_product_purchasedetail integer
);


ALTER TABLE public.purchasesdetails OWNER TO postgres;

--
-- Name: purchasesdetails_id_purchasesdetail_seq; Type: SEQUENCE; Schema: public; Owner: postgres
--

ALTER TABLE public.purchasesdetails ALTER COLUMN id_purchasesdetail ADD GENERATED BY DEFAULT AS IDENTITY (
    SEQUENCE NAME public.purchasesdetails_id_purchasesdetail_seq
    START WITH 1
    INCREMENT BY 1
    NO MINVALUE
    NO MAXVALUE
    CACHE 1
);


--
-- Name: users; Type: TABLE; Schema: public; Owner: postgres
--

CREATE TABLE public.users (
    id_user integer NOT NULL,
    first_name_user text NOT NULL,
    last_name_user text NOT NULL,
    phone_number_user text NOT NULL,
    email_user text NOT NULL,
    password_user text NOT NULL,
    last_login_user timestamp without time zone,
    date_created_user timestamp without time zone NOT NULL,
    flag_rol_user integer NOT NULL,
    CONSTRAINT users_email_user_check CHECK ((email_user <> ''::text)),
    CONSTRAINT users_first_name_user_check CHECK ((first_name_user <> ''::text)),
    CONSTRAINT users_last_name_user_check CHECK ((last_name_user <> ''::text)),
    CONSTRAINT users_password_user_check CHECK ((password_user <> ''::text)),
    CONSTRAINT users_phone_number_user_check CHECK ((phone_number_user <> ''::text))
);


ALTER TABLE public.users OWNER TO postgres;

--
-- Name: users_id_user_seq; Type: SEQUENCE; Schema: public; Owner: postgres
--

ALTER TABLE public.users ALTER COLUMN id_user ADD GENERATED BY DEFAULT AS IDENTITY (
    SEQUENCE NAME public.users_id_user_seq
    START WITH 1
    INCREMENT BY 1
    NO MINVALUE
    NO MAXVALUE
    CACHE 1
);


--
-- Data for Name: products; Type: TABLE DATA; Schema: public; Owner: postgres
--

COPY public.products (id_product, lot_name_product, name_product, price_product, quantity_available_product, date_in_product, date_created_product) FROM stdin;
2	lot 2	product 2	200	10	2023-11-02 14:09:09	2023-11-02 20:47:15
4	lot 4	product 4	400	10	2023-11-02 14:09:09	2023-11-02 20:47:15
5	lot 5	product 5	500	10	2023-11-02 14:09:09	2023-11-02 20:47:15
6	lot 6	product 6	600	10	2023-11-02 14:09:09	2023-11-02 20:47:15
7	lot 6	product 6	600	10	2023-11-02 14:09:09	2023-11-03 03:08:56
1	lot	product	1	11	2023-10-03 15:09:09	2023-11-02 20:47:15
\.


--
-- Data for Name: purchases; Type: TABLE DATA; Schema: public; Owner: postgres
--

COPY public.purchases (id_purchase, total_price_purchase, date_created_purchase, fk_id_user_purchase) FROM stdin;
1	800	2023-11-02 21:39:11	1
2	800	2023-11-02 22:18:10	2
3	800	2023-11-02 22:18:10	1
4	800	2023-11-03 03:28:10	1
\.


--
-- Data for Name: purchasesdetails; Type: TABLE DATA; Schema: public; Owner: postgres
--

COPY public.purchasesdetails (id_purchasesdetail, quantity_product_purchasedetail, date_created_purchasedetailt, fk_id_purchase_purchasedetail, fk_id_product_purchasedetail) FROM stdin;
1	2	2023-11-02 21:39:11	1	1
2	3	2023-11-02 21:39:11	1	2
3	2	2023-11-02 22:18:10	2	1
4	3	2023-11-02 22:18:10	2	2
5	2	2023-11-02 22:18:10	3	1
6	3	2023-11-02 22:18:10	3	2
7	2	2023-11-03 03:28:10	4	1
8	3	2023-11-03 03:28:10	4	2
\.


--
-- Data for Name: users; Type: TABLE DATA; Schema: public; Owner: postgres
--

COPY public.users (id_user, first_name_user, last_name_user, phone_number_user, email_user, password_user, last_login_user, date_created_user, flag_rol_user) FROM stdin;
2	Carolina	Guillen	3133103302	caro@gmail.com	12345	\N	2023-11-02 20:47:15	2
3	Diego	Arbelaez	3133103302	diego@gmail.com	12345	\N	2023-11-02 20:47:15	1
4	Diego	Arbelaez	3133103302	diego@gmail.com	12345	\N	2023-11-02 22:18:10	1
5	Diego	Arbelaez	3133103302	diego@gmail.com	12345	\N	2023-11-03 02:41:57	1
6	Diego	Arbelaez	3133103302	diego@gmail.com	12345	\N	2023-11-03 03:08:56	1
1	Andres	Restrepo	3186337855	andres@gmail.com	12345	2023-11-03 03:08:56	2023-11-02 20:47:15	2
\.


--
-- Name: products_id_product_seq; Type: SEQUENCE SET; Schema: public; Owner: postgres
--

SELECT pg_catalog.setval('public.products_id_product_seq', 7, true);


--
-- Name: purchases_id_purchase_seq; Type: SEQUENCE SET; Schema: public; Owner: postgres
--

SELECT pg_catalog.setval('public.purchases_id_purchase_seq', 4, true);


--
-- Name: purchasesdetails_id_purchasesdetail_seq; Type: SEQUENCE SET; Schema: public; Owner: postgres
--

SELECT pg_catalog.setval('public.purchasesdetails_id_purchasesdetail_seq', 8, true);


--
-- Name: users_id_user_seq; Type: SEQUENCE SET; Schema: public; Owner: postgres
--

SELECT pg_catalog.setval('public.users_id_user_seq', 6, true);


--
-- Name: products products_pkey; Type: CONSTRAINT; Schema: public; Owner: postgres
--

ALTER TABLE ONLY public.products
    ADD CONSTRAINT products_pkey PRIMARY KEY (id_product);


--
-- Name: purchases purchases_pkey; Type: CONSTRAINT; Schema: public; Owner: postgres
--

ALTER TABLE ONLY public.purchases
    ADD CONSTRAINT purchases_pkey PRIMARY KEY (id_purchase);


--
-- Name: purchasesdetails purchasesdetails_pkey; Type: CONSTRAINT; Schema: public; Owner: postgres
--

ALTER TABLE ONLY public.purchasesdetails
    ADD CONSTRAINT purchasesdetails_pkey PRIMARY KEY (id_purchasesdetail);


--
-- Name: users users_pkey; Type: CONSTRAINT; Schema: public; Owner: postgres
--

ALTER TABLE ONLY public.users
    ADD CONSTRAINT users_pkey PRIMARY KEY (id_user);


--
-- Name: purchases purchases_fk_id_user_purchase_fkey; Type: FK CONSTRAINT; Schema: public; Owner: postgres
--

ALTER TABLE ONLY public.purchases
    ADD CONSTRAINT purchases_fk_id_user_purchase_fkey FOREIGN KEY (fk_id_user_purchase) REFERENCES public.users(id_user);


--
-- Name: purchasesdetails purchasesdetails_fk_id_product_purchasedetail_fkey; Type: FK CONSTRAINT; Schema: public; Owner: postgres
--

ALTER TABLE ONLY public.purchasesdetails
    ADD CONSTRAINT purchasesdetails_fk_id_product_purchasedetail_fkey FOREIGN KEY (fk_id_product_purchasedetail) REFERENCES public.products(id_product);


--
-- Name: purchasesdetails purchasesdetails_fk_id_purchase_purchasedetail_fkey; Type: FK CONSTRAINT; Schema: public; Owner: postgres
--

ALTER TABLE ONLY public.purchasesdetails
    ADD CONSTRAINT purchasesdetails_fk_id_purchase_purchasedetail_fkey FOREIGN KEY (fk_id_purchase_purchasedetail) REFERENCES public.purchases(id_purchase);


--
-- PostgreSQL database dump complete
--

